stage,zone,model_income,bought,gold_after,minutes,levels
1,0,31.74,1,11.74,0.8,1
2,0,33.13,2,4.876,1.5,3
3,0,34.54,1,2.417,2.3,4
4,0,35.98,0,38.39,3.0,4
5,0,37.44,1,6.833,3.8,5
6,0,38.92,0,45.76,4.6,5
7,0,40.44,0,86.2,5.4,5
8,0,41.98,1,31.17,6.2,6
9,0,43.54,0,74.71,7.0,6
10,0,45.13,1,22.85,7.9,7
11,0,64.94,0,87.78,8.7,7
12,0,67.23,1,45.01,9.6,8
13,0,139.1,2,35.12,10.4,10
14,0,203.2,2,44.29,11.3,12
15,0,210,1,114.3,12.1,13
16,0,216.9,1,141.1,13.0,14
17,0,223.9,1,165.1,13.9,15
18,0,295.2,2,60.31,14.8,17
19,0,304.5,1,164.8,15.7,18
20,0,347.1,2,61.94,16.6,20
21,0,457.9,3,135.8,17.5,23
22,0,499.5,2,235.3,18.4,25
23,0,504.5,2,69.79,19.4,27
24,0,768,1,417.8,20.4,28
25,0,1163,3,81.22,21.4,31
26,0,1394,2,475.3,22.4,33
27,0,1716,4,191.3,23.3,37
28,0,2432,3,683.5,24.3,40
29,0,2626,3,359.4,25.3,43
30,0,2856,3,245.6,26.4,46
31,0,5681,4,1146,27.4,50
32,0,2.239e+04,10,2133,28.4,60
33,0,3.015e+04,5,581,29.4,65
34,0,3.806e+04,3,4243,30.4,68
35,0,3.844e+04,2,1.368e+04,31.4,70
36,0,5.448e+04,2,1.817e+04,32.5,72
37,0,6.604e+04,2,9206,33.5,74
38,0,6.67e+04,1,3.39e+04,34.5,75
39,0,6.736e+04,2,4265,35.5,77
40,0,6.804e+04,0,7.23e+04,36.5,77
41,0,6.872e+04,1,5.002e+04,37.5,78
42,0,8.097e+04,1,3.599e+04,38.5,79
43,0,8.178e+04,1,2.077e+04,39.6,80
44,0,1.123e+05,1,3.602e+04,40.6,81
45,0,1.134e+05,1,4.939e+04,41.6,82
46,0,1.145e+05,1,1.39e+04,42.6,83
47,0,1.623e+05,1,2.619e+04,43.6,84
48,0,2.3e+05,1,1.062e+05,44.6,85
49,0,2.323e+05,2,1.853e+04,45.7,87
50,0,2.998e+05,1,1.583e+05,46.7,88
51,0,3.028e+05,2,1.311e+05,47.7,90
52,1,3.058e+06,8,3.892e+05,48.7,98
53,1,7.689e+06,11,2.58e+05,49.7,109
54,1,2.501e+07,12,1.772e+06,50.8,121
55,1,9.683e+07,13,5.302e+06,51.9,134
56,1,1.34e+08,3,5.832e+07,53.0,137
57,1,1.719e+08,2,8.727e+07,54.1,139
58,1,1.737e+08,1,1.209e+08,55.3,140
59,1,2.127e+08,1,1.737e+08,56.4,141
60,1,3.015e+08,1,2.351e+08,57.5,142
61,1,3.045e+08,1,2.397e+08,58.6,143
62,1,3.076e+08,1,1.721e+07,59.7,144
63,1,3.651e+08,0,3.823e+08,60.9,144
64,1,3.688e+08,0,7.511e+08,62.0,144
65,1,3.725e+08,1,2.036e+08,63.1,145
66,1,3.762e+08,0,5.798e+08,64.2,145
67,1,3.8e+08,0,9.597e+08,65.3,145
68,1,3.838e+08,0,1.343e+09,66.4,145
69,1,3.876e+08,1,1.311e+08,67.5,146
70,2,3.915e+09,1,2.346e+09,68.7,147
71,2,3.954e+09,2,1.299e+09,69.8,149
72,2,9.953e+09,2,3.153e+09,70.9,151
73,2,1.005e+10,2,1.706e+09,72.0,153
74,2,1.015e+10,1,5.36e+09,73.1,154
75,2,1.026e+10,2,2.415e+09,74.2,156
76,2,1.036e+10,1,5.372e+09,75.4,157
77,2,1.046e+10,1,8.434e+09,76.5,158
78,2,1.057e+10,1,9.899e+09,77.6,159
79,2,1.067e+10,2,5.709e+08,78.7,161
80,2,1.723e+10,1,7.803e+09,79.8,162
81,2,1.74e+10,2,2.208e+09,81.0,164
82,2,1.758e+10,1,1.786e+09,82.1,165
83,2,1.775e+10,0,1.954e+10,83.2,165
84,2,1.793e+10,1,1.647e+10,84.3,166
85,2,1.811e+10,1,1.358e+10,85.4,167
86,2,2.567e+10,1,1.825e+10,86.5,168
87,2,2.593e+10,1,2.118e+10,87.7,169
88,2,2.619e+10,1,2.236e+10,88.8,170
89,2,2.645e+10,1,2.381e+10,89.9,171
90,2,2.671e+10,1,2.252e+10,91.0,172
91,2,2.698e+10,1,2.15e+10,92.1,173
92,2,2.725e+10,1,1.075e+10,93.2,174
93,2,3.783e+10,1,1.058e+10,94.3,175
94,2,3.821e+10,1,1.079e+10,95.5,176
95,2,3.859e+10,1,1.138e+10,96.6,177
96,2,3.897e+10,1,1.235e+10,97.7,178
97,2,5.524e+10,1,2.959e+10,98.8,179
98,2,5.579e+10,2,7.383e+09,99.9,181
99,2,5.635e+10,1,2.373e+10,101.0,182
100,2,5.691e+10,1,3.065e+10,102.2,183
101,2,5.748e+10,1,3.813e+10,103.3,184
102,2,7.388e+10,2,1.201e+10,104.4,186
103,2,1.047e+11,2,1.671e+10,105.5,188
104,2,1.058e+11,2,2.247e+10,106.6,190
105,2,1.068e+11,2,1.928e+10,107.8,192
106,2,1.079e+11,2,7.161e+09,108.9,194
107,2,1.09e+11,1,5.612e+10,110.0,195
108,2,1.1e+11,2,4.617e+10,111.1,197
109,2,1.56e+11,2,6.714e+10,112.2,199
110,2,1.913e+11,3,3.341e+10,113.3,202
111,2,1.932e+11,3,1.59e+09,114.5,205
112,2,3.433e+11,3,7.79e+10,115.6,208
113,2,3.467e+11,4,6.064e+10,116.7,212
114,2,5.781e+11,5,1.098e+11,117.8,217
115,2,5.839e+11,3,3.637e+11,118.9,220
116,3,9.141e+12,0,9.505e+12,120.0,220
117,3,9.233e+12,0,1.874e+13,121.2,220
118,3,9.325e+12,0,2.806e+13,122.3,220
119,3,9.418e+12,0,3.748e+13,123.4,220
120,3,9.513e+12,0,4.699e+13,124.5,220
121,3,9.608e+12,0,5.66e+13,125.6,220
122,3,9.704e+12,0,6.631e+13,126.7,220
123,3,9.801e+12,0,7.611e+13,127.8,220
124,3,9.899e+12,0,8.6e+13,129.0,220
125,3,9.998e+12,0,9.6e+13,130.1,220
126,3,1.01e+13,0,1.061e+14,131.2,220
127,3,1.02e+13,0,1.163e+14,132.3,220
128,3,1.03e+13,0,1.266e+14,133.4,220
129,3,1.04e+13,0,1.37e+14,134.6,220
130,3,1.051e+13,0,1.475e+14,135.7,220
131,3,1.061e+13,0,1.581e+14,136.8,220
132,3,1.072e+13,0,1.688e+14,137.9,220
133,3,1.083e+13,0,1.797e+14,139.0,220
134,3,1.093e+13,0,1.906e+14,140.1,220
135,3,1.104e+13,0,2.016e+14,141.2,220
136,3,1.115e+13,0,2.128e+14,142.4,220
137,3,1.127e+13,0,2.241e+14,143.5,220
138,3,1.138e+13,0,2.354e+14,144.6,220
139,3,1.149e+13,0,2.469e+14,145.7,220
140,3,1.161e+13,0,2.585e+14,146.8,220
